queue_id,post_id_hash,source_id,source_account,post_url,queue_reason,priority_level,scheduled_at,last_run_at,status,error_message,observed_comment_count
Q_319e1f46d097,ea38d8e2d4587c60650042591bf83214e0a0317c318f489fd0ab5d02624a54fe,SRC001,@ericahyadi_,https://www.instagram.com/p/DY2NiYRvphs/,new_post,2,2026-06-06T05:09:37Z,2026-06-06T05:09:45Z,completed,,6
Q_dbfc5d8a7527,a6e6ff165edb43af14c65d94a9b0f986e097e6ded5770ad0bf8f5f1555999cd3,SRC001,@ericahyadi_,https://www.instagram.com/p/DYy78rDvRNp/,new_post,2,2026-06-06T05:09:37Z,2026-06-06T05:09:56Z,completed,,32
Q_9a84a8a688c3,204417ddec8dfe309767a170f27917b9b8e76f41534fd88839ee3d6d548f4bb8,SRC001,@ericahyadi_,https://www.instagram.com/p/DY6kxinv2tw/,new_post,2,2026-06-06T05:09:37Z,2026-06-06T05:10:10Z,completed,,58
Q_d4c3173bf95c,576dcfc739d68e8c990bd2f7e36e4c2be90030d014d5cea335988073240d827e,SRC001,@ericahyadi_,https://www.instagram.com/p/DZFWAoUvskg/,new_post,2,2026-06-06T05:09:37Z,2026-06-06T05:10:25Z,completed,,26
Q_b74c31a7e9ac,eeafb0ef05ea98e2e544e4c04b15914d9e4eb3698d99f6b5c80d9fb73d348805,SRC001,@ericahyadi_,https://www.instagram.com/p/DZH4gwWPdjG/,new_post,2,2026-06-06T05:09:37Z,2026-06-06T05:10:39Z,completed,,186
Q_2d42776451e3,b02c12141906f75efba0a46b5155ee355321006b19ebdda44bc0b12c3d62b695,SRC001,@ericahyadi_,https://www.instagram.com/p/DYwloKQvZIk/,new_post,2,2026-06-06T05:09:37Z,2026-06-06T05:10:50Z,completed,,63
Q_717f1c877faf,265c3a6a0d1958061dba76d323064232120032f7a237048dec5662579f03502e,SRC001,@ericahyadi_,https://www.instagram.com/p/DZCS_q8Ph1z/,new_post,2,2026-06-06T05:09:37Z,2026-06-06T05:10:58Z,completed,,74
Q_b35a6794c803,3a0b4f8fe970c98a69f726eb3e8868f00c012443b87e75c68e8568fd6ea8d9aa,SRC001,@ericahyadi_,https://www.instagram.com/p/DZNClf7PeNs/,new_post,2,2026-06-06T05:09:37Z,2026-06-06T05:11:05Z,completed,,9
Q_650480722b2b,d2898fc691e72ffc95e6ea526f17e0db8ad55943bf9a11aed0e926f0076daca1,SRC001,@ericahyadi_,https://www.instagram.com/p/DYtdlbivOFb/,new_post,2,2026-06-06T05:09:37Z,2026-06-06T05:11:15Z,completed,,21
Q_687829e7aef9,ae70fddba20b337f74b5ce2f25324e0be84c3bee9ff24428e53556a7098ad942,SRC001,@ericahyadi_,https://www.instagram.com/p/DY4Nb9QPoD5/,new_post,2,2026-06-06T05:09:37Z,2026-06-06T05:11:26Z,completed,,67
Q_46ac55bada71,12d693b8290ffc3088790a61ee1274aafcaa81d129e4433948829c835f222606,SRC001,@ericahyadi_,https://www.instagram.com/p/DYeqhS7P0ZF/,new_post,2,2026-06-06T05:09:37Z,2026-06-06T05:11:34Z,completed,,101
Q_cafa19346294,6b26b21fee43619643ac705e2a234d7435a19dd2d10dd77c6f732293cd2ed935,SRC001,@ericahyadi_,https://www.instagram.com/p/DYg20tivrGF/,new_post,2,2026-06-06T05:09:37Z,2026-06-06T05:11:48Z,completed,,122
Q_eb44538ac441,345494c6364979e25ad5eec773e2b45fa005ce5f6e4ffa4a20de3c3e519fa4f8,SRC001,@ericahyadi_,https://www.instagram.com/p/DYjQqKqv0H0/,new_post,2,2026-06-06T05:09:37Z,2026-06-06T05:11:56Z,completed,,30
Q_5fffa7ffd7bc,e8c2ad99ebbeeb4447591c428c8590a0cd2f8f9f06543282d302a09eee8ad64a,SRC001,@ericahyadi_,https://www.instagram.com/p/DYZRDMgveth/,new_post,2,2026-06-06T05:09:37Z,2026-06-06T05:12:08Z,completed,,100
Q_8fd24ee1195a,906f9899349f9dce8392079e9886c8cd4b0a271fed3fbb22dfe05c55e5a2573f,SRC001,@ericahyadi_,https://www.instagram.com/p/DYd7bZYvHou/,new_post,2,2026-06-06T05:09:37Z,2026-06-06T05:12:21Z,completed,,81
Q_0aa2a7add5ca,f116645c59ad978ce8ddfbdebd106e53b44c5021a0d917db2beab30e6224b75b,SRC001,@ericahyadi_,https://www.instagram.com/p/DYWVQE4PKr2/,new_post,2,2026-06-06T05:09:37Z,2026-06-06T05:12:30Z,completed,,76
Q_0be25802fcef,a1dc34b4bd18494cb1c13b4d953a89aa005dcb3d531f5adba7dc9e8f89b6a623,SRC001,@ericahyadi_,https://www.instagram.com/p/DYT9wKmvQha/,new_post,2,2026-06-06T05:09:37Z,2026-06-06T05:12:43Z,completed,,63
Q_63aa9b5bb95b,36b00468d38aa3c25f85577fc99c10ac0cdf2e5be969d8f34b32f6b02b4fa38d,SRC001,@ericahyadi_,https://www.instagram.com/p/DYOuwpYPiRo/,new_post,2,2026-06-06T05:09:37Z,2026-06-06T05:12:58Z,completed,,108
Q_0b015236ab47,1719d8b50040fc15f6f4937c71268f4d24be4e5b77ea3152c061947d4e233b5f,SRC001,@ericahyadi_,https://www.instagram.com/p/DYmcKnYv7Or/,new_post,2,2026-06-06T05:09:37Z,2026-06-06T05:13:11Z,completed,,27
Q_b5f8d9a0702b,30bae87cf1ff7719de20acdc9446679366a951fc81560f58775e2f77634411d0,SRC001,@ericahyadi_,https://www.instagram.com/p/DYq3qTdvvDY/,new_post,2,2026-06-06T05:09:37Z,2026-06-06T05:13:24Z,completed,,54
Q_d37f97bf2578,47f5fd3adc450c339f7b933b9e91374ddb2052f91817d113a4760a982cb33092,SRC001,@ericahyadi_,https://www.instagram.com/p/DYReOgJvddS/,new_post,2,2026-06-06T05:09:37Z,2026-06-06T05:13:35Z,completed,,87
Q_e3b48a6a3471,272325382fc309ddaaa68c5b690ceaa501083936360ac39f0665fcd508bca357,SRC001,@ericahyadi_,https://www.instagram.com/p/DYHtcmbPsym/,new_post,2,2026-06-06T05:09:37Z,2026-06-06T05:13:48Z,completed,,125
Q_feeb78a620ba,0e4f8f5abf2540634826448b8a4fb80240970dc854c567e3df50a2f0c9fc39e5,SRC001,@ericahyadi_,https://www.instagram.com/p/DX9QTwyvcrv/,new_post,2,2026-06-06T05:09:37Z,2026-06-06T05:14:01Z,completed,,189
Q_9e22442fb07d,b5ac9597bcc84ae8551509cd2a86393ec5576f55c58ddfbd58cc949a673e4976,SRC001,@ericahyadi_,https://www.instagram.com/p/DYBmnrmvnVX/,new_post,2,2026-06-06T05:09:37Z,2026-06-06T05:14:12Z,completed,,252
Q_0bc42a4d2f4b,fffda4308282e4bd93df7ef291428692ff970d785e8c42029274e5e12be6590b,SRC001,@ericahyadi_,https://www.instagram.com/p/DYEZmoRvMS6/,new_post,2,2026-06-06T05:09:37Z,2026-06-06T05:14:27Z,completed,,173
Q_0e8d0bd9b870,97644570e00a65ecefc09056bfe3f3d2c51f62ceaee5ec2e08fcd669009fa05d,SRC001,@ericahyadi_,https://www.instagram.com/p/DX__7OtPki-/,new_post,2,2026-06-06T05:09:37Z,2026-06-06T05:15:12Z,completed,,265
Q_0381239a9c2e,0423e133b815e3c14af37381bcbae8b3404e304a6e144f0b606efb9426c77b5a,SRC001,@ericahyadi_,https://www.instagram.com/p/DYE33a2vR_x/,new_post,2,2026-06-06T05:09:37Z,2026-06-06T05:15:22Z,completed,,172
Q_d279dfaf0a52,467dc553609806b4ff2a937d04ae60988708a0218e4cd1c29f2c4af4fe31b5dd,SRC001,@ericahyadi_,https://www.instagram.com/p/DYCi65vyMKq/,new_post,2,2026-06-06T05:09:37Z,2026-06-06T05:15:30Z,completed,,359
Q_a38870613b6a,18812f67ae49cc14d7769d661e89c1ac52939391e49665722d4ed0e4caf6aa59,SRC001,@ericahyadi_,https://www.instagram.com/p/DZKf76rJ3SG/,new_post,2,2026-06-06T05:09:37Z,2026-06-06T05:15:43Z,completed,,19
Q_c176bab5bd76,794a8920a562d1b909a3424dcd4a047ea9089b21d84ece0e2c85cb3214e47f6c,SRC001,@ericahyadi_,https://www.instagram.com/p/DYM4VSxPvKt/,new_post,2,2026-06-06T05:09:37Z,2026-06-06T05:15:55Z,completed,,49
Q_226b826a8d69,bccebe4032268e75a4740adf571645633fda0e2ffcff6a59bf1174d6d837c93e,SRC001,@ericahyadi_,https://www.instagram.com/p/DYJnBtajx4o/,new_post,2,2026-06-06T05:09:37Z,2026-06-06T05:16:06Z,completed,,629
Q_4001bc1bed69,77e4c597cdffe633328e4d986a98d508acd9ee96c4cbce733467fa97e336f12e,SRC001,@ericahyadi_,https://www.instagram.com/p/DYMaFUtPRQe/,new_post,2,2026-06-06T05:09:37Z,2026-06-06T05:16:22Z,completed,,351
Q_f677fedc4116,d57b95e9c796913050655e6efbcfec23f0b0be3b18709a38ed38f448075f2e52,SRC001,@ericahyadi_,https://www.instagram.com/p/DXp_7pJD56w/,new_post,2,2026-06-06T05:09:37Z,2026-06-06T05:16:30Z,completed,,121
Q_f5d9218f1eaf,a80b91eb00d2b8855c02db4f942cc9504a0a047bef5810ae506b759de5d97267,SRC001,@ericahyadi_,https://www.instagram.com/p/DYhbfzfPDIb/,new_post,2,2026-06-06T05:09:37Z,2026-06-06T05:16:39Z,completed,,553
Q_6c929e3dadc1,09b3d7e9fc5124d0751f26b4b05d1941cd0ae5f4934626c8abd3d58e71287fac,SRC001,@ericahyadi_,https://www.instagram.com/p/DXYaxU1jwEe/,new_post,2,2026-06-06T05:09:37Z,2026-06-06T05:16:52Z,completed,,26
Q_eef5ede01b2a,289fd8a46d6fd845ae8c4aefde4c017a8a18273c37fef7a05ffa709e2ceea880,SRC001,@ericahyadi_,https://www.instagram.com/p/DXZOJuCD9zK/,new_post,2,2026-06-06T05:09:37Z,2026-06-06T05:17:03Z,completed,,235
Q_dae8b4981c4e,04fbda8561421f998f98d99fc277f99c2ad30a171d157136d6fcfbe152d04d1f,SRC001,@ericahyadi_,https://www.instagram.com/p/DXp-qY6D7lb/,new_post,2,2026-06-06T05:09:37Z,2026-06-06T05:17:19Z,completed,,23
Q_33c17c694ae6,ba3ed587f02a72875fc01d3cac2cd0261b1bafbf38cc3223e5ad8e4d57b463ea,SRC001,@ericahyadi_,https://www.instagram.com/p/DXgvIRmj7D0/,new_post,2,2026-06-06T05:09:37Z,2026-06-06T05:17:28Z,completed,,364
Q_81d20abd33f9,291183b7073e06942355d33518dceaa606ccc43b9007429c9450e7faf89bcad2,SRC001,@ericahyadi_,https://www.instagram.com/p/DXv6k3bSWOk/,new_post,2,2026-06-06T05:09:37Z,2026-06-06T05:17:36Z,completed,,54
Q_11867f7a3c4e,c80c20265feb33ac82e722ccfbb2fa9e5366516ee145f10d5e3cf292e2dd549d,SRC001,@ericahyadi_,https://www.instagram.com/p/DXjfExJj6U4/,new_post,2,2026-06-06T05:09:37Z,2026-06-06T05:17:52Z,completed,,350
Q_6c6776a6fe4c,84fcb9a762af70ea4c572986d47c25720e7189ba8117c35458801a9cb8336b99,SRC001,@ericahyadi_,https://www.instagram.com/p/DXeKXjmj3mc/,new_post,2,2026-06-06T05:09:37Z,2026-06-06T05:18:03Z,completed,,136
Q_699c7180e0a3,f70c0a07ef7c62d138afd9dbe7ed4560e6ce99c870501ea361575c75cf351c11,SRC001,@ericahyadi_,https://www.instagram.com/p/DXzF4MVPY72/,new_post,2,2026-06-06T05:09:37Z,2026-06-06T05:18:16Z,completed,,37
Q_b9584b25d293,39b4d24e1e160152d76e6d78a727aba9dbcc5de8c50c155d511f398a0bb92715,SRC001,@ericahyadi_,https://www.instagram.com/p/DXhFJcYj9JH/,new_post,2,2026-06-06T05:09:37Z,2026-06-06T05:18:26Z,completed,,59
Q_e51179e73e83,0063ffd28a7bd4bd30394c859c98eb37a98b790f22a0921f108dbc65df66e6d2,SRC001,@ericahyadi_,https://www.instagram.com/p/DXtmHQCD58t/,new_post,2,2026-06-06T05:09:37Z,2026-06-06T05:19:12Z,completed,,151
Q_910ddb57788b,2ba00978f1f93ee8a3d1ac8ea23c8bfb40472b9fb0a1408807f0790252e09709,SRC001,@ericahyadi_,https://www.instagram.com/p/DXmG2iTj__o/,new_post,2,2026-06-06T05:09:37Z,2026-06-06T05:19:21Z,completed,,44
Q_9f6ebc640342,b8bd0bd099a1acf0a8e7b45ec570166b4e9f3f8552a0f91cb754c2be21d0ca02,SRC001,@ericahyadi_,https://www.instagram.com/p/DX8W3lgPpLv/,new_post,2,2026-06-06T05:09:37Z,2026-06-06T05:19:29Z,completed,,830
Q_db96a35b664c,2f707fd89716c7f5516c804ea54c3f65420c28b778379942d446e535804927d8,SRC001,@ericahyadi_,https://www.instagram.com/p/DXYQ7_Jj0eZ/,new_post,2,2026-06-06T05:09:37Z,2026-06-06T05:19:52Z,completed,,50
Q_651b797d2971,d074a05178a8fafa76de9c49b54f4e0691ff31f7db437e07aa1a24e5b738de7d,SRC001,@ericahyadi_,https://www.instagram.com/p/DXYYkRdj9Gs/,new_post,2,2026-06-06T05:09:37Z,2026-06-06T05:20:09Z,completed,,55
Q_c7da19ffd5c3,b4f220a49728c94cd4b3fa84c90afea525e5565b633836b452ebd42cd2c64605,SRC001,@ericahyadi_,https://www.instagram.com/p/DYGv32pvSVQ/,new_post,2,2026-06-06T05:09:37Z,2026-06-06T05:20:18Z,completed,,96
Q_92ddea945c60,587e13e8ed09ec4437b94a79d6395fa36db53f3adb0656a3198203305f7eaf14,SRC001,@ericahyadi_,https://www.instagram.com/p/DZAIQg5v3Do/,new_post,2,2026-06-06T05:09:37Z,2026-06-06T05:20:29Z,completed,,51
Q_1c930c7f1eeb,7195919b501b6e11ac9076ba69095fd7741315be0e3189b976fda7ab8dc87acf,SRC002,@cakj1,https://www.instagram.com/p/DYwe9EABf3E/,new_post,2,2026-06-06T05:09:37Z,2026-06-06T05:20:36Z,completed,,109
Q_3225bb92af30,520715f572bcb3305f1bf1893f9043bdbc647ce236ed3a6b38244cad65eda563,SRC002,@cakj1,https://www.instagram.com/p/DZMyWMKSC_9/,new_post,2,2026-06-06T05:09:37Z,2026-06-06T05:20:48Z,completed,,35
Q_a95e1a78c37e,c2d605eec30a5e4a0a41c2d3a4805769449a4fd19d2cf02592a98680ecb716f9,SRC002,@cakj1,https://www.instagram.com/p/DY634efRagc/,new_post,2,2026-06-06T05:09:37Z,2026-06-06T05:20:56Z,completed,,833
Q_032fb4ae0762,ccf83f83ec0bca546e4994256594167523c45a9d4e41745efbf88a7c39b3d7e7,SRC002,@cakj1,https://www.instagram.com/p/DY4GTqbSSfl/,new_post,2,2026-06-06T05:09:37Z,2026-06-06T05:21:08Z,completed,,35
Q_214a6dd436ef,3e25e3b287fb46ce06484b679b195067319257d0d659810fb579f8e50f4e8d23,SRC002,@cakj1,https://www.instagram.com/p/DY0mdXdy06s/,new_post,2,2026-06-06T05:09:37Z,2026-06-06T05:21:25Z,completed,,9
Q_763f14a8a293,98f2a4075006d2fa3694dbe44deb15e8c8d38bfa3324cac693f4ebcc74bc827c,SRC002,@cakj1,https://www.instagram.com/p/DZFDAmzRGmB/,new_post,2,2026-06-06T05:09:37Z,2026-06-06T05:21:38Z,completed,,65
Q_4058bcb27857,357db88450318344dddae97372d123734d64d8fb72d1469675884fccff1f142c,SRC002,@cakj1,https://www.instagram.com/p/DY9R1PhSgkP/,new_post,2,2026-06-06T05:09:37Z,2026-06-06T05:21:49Z,completed,,323
Q_e911a1507b6d,ef54807b67c84cf03ab92b2614d61a5b3aa9ddf1d2919c1ceb767595a3ec1271,SRC002,@cakj1,https://www.instagram.com/p/DYy93ZySW57/,new_post,2,2026-06-06T05:09:37Z,2026-06-06T05:22:01Z,completed,,345
Q_16c5769bebc6,89c5ea85f1ef55f9eac67e393166b755735bab54b23b2a5faae9a86edf6e454b,SRC002,@cakj1,https://www.instagram.com/p/DZHiWNaSbxq/,new_post,2,2026-06-06T05:09:37Z,2026-06-06T05:22:12Z,completed,,58
Q_3e5e3ad94704,e68d0f8d0a2000c184e7041f19de77c3c90a31835c4ea3402e026180c864ac13,SRC002,@cakj1,https://www.instagram.com/p/DZKKnrxSG-c/,new_post,2,2026-06-06T05:09:37Z,2026-06-06T05:22:21Z,completed,,57
Q_29dedcc41212,9dc1c6c4ab016acdbca0402b6c80a671e0a598e5caab913e306c9cfa915bd021,SRC002,@cakj1,https://www.instagram.com/p/DY_Nu4Fyr4c/,new_post,2,2026-06-06T05:09:37Z,2026-06-06T05:22:29Z,completed,,39
Q_b920ef229951,e3574b892699c08c7e8a538883937cc59d22ec89aabcd02e4516aa991b2eec97,SRC002,@cakj1,https://www.instagram.com/p/DYjf52NSKAt/,new_post,2,2026-06-06T05:09:37Z,2026-06-06T05:22:37Z,completed,,595
Q_67768df7c474,fecbabf310674a5d479a8b04faef394e47f952e6cc05a191eedaa05876d5871a,SRC002,@cakj1,https://www.instagram.com/p/DZCZgmPS0QL/,new_post,2,2026-06-06T05:09:37Z,2026-06-06T05:22:45Z,completed,,60
Q_9bc2df0a2f09,4451c5d39bf39df4ee7f19c9a4d14f82f15a0197b6ff9a1350b73d08f7c1bd24,SRC002,@cakj1,https://www.instagram.com/p/DYWsbUPxnyV/,new_post,2,2026-06-06T05:09:37Z,2026-06-06T05:23:00Z,completed,,89
Q_44e13e83b331,b5b5c2c3c5e0862d74e55d3957ebcd8511cc6c45f90651af88070064b64376b4,SRC002,@cakj1,https://www.instagram.com/p/DYwX63MSuqi/,new_post,2,2026-06-06T05:09:37Z,2026-06-06T05:23:14Z,completed,,779
Q_6559e90e34e1,6b7b7a1425ddbca8b7ac41bcf26eacd955c16c156737cc7ed2946e4dc4c53b1a,SRC002,@cakj1,https://www.instagram.com/p/DYe8l9KETu-/,new_post,2,2026-06-06T05:09:37Z,2026-06-06T05:23:23Z,completed,,95
Q_a8aa9caa3ef9,0080b55247b1dea0ab01db2171522141e1ed7dc4c079154a22bdc160c8498f62,SRC002,@cakj1,https://www.instagram.com/p/DYg885nxKuC/,new_post,2,2026-06-06T05:09:37Z,2026-06-06T05:23:33Z,completed,,55
Q_a1d4e4eb8b0a,92c418f770c1b41f2eed65e27d74541bc0b746e7e1b7e083cb898671cce2c421,SRC002,@cakj1,https://www.instagram.com/p/DYosx2ZR-hN/,new_post,2,2026-06-06T05:09:37Z,2026-06-06T05:23:45Z,completed,,23
Q_5c64793d536d,b05501be5960d46c415f3ae717793908da5cae3ebb80ca5a92ad0c2cc62a5bbc,SRC002,@cakj1,https://www.instagram.com/p/DYtywYRxN0G/,new_post,2,2026-06-06T05:09:37Z,2026-06-06T05:23:53Z,completed,,13
Q_46da095a9d48,6bcc275d14f948168ec54c1d9b45f637932a60e89267c8739fafdca967e70a4c,SRC002,@cakj1,https://www.instagram.com/p/DYrRt2ZSeov/,new_post,2,2026-06-06T05:09:37Z,2026-06-06T05:24:00Z,completed,,24
Q_8637a8d55d21,ccde8a4a1ba46c3022f578a1250dcf0443c1d747990da271ff3863e87d256650,SRC002,@cakj1,https://www.instagram.com/p/DYb0bRTxbo3/,new_post,2,2026-06-06T05:09:37Z,2026-06-06T05:24:07Z,completed,,72
Q_7d4ee7a53c12,455b2c00d857e0a58ceec8e24827a948394ee348f03eb84989cad7f7719099a9,SRC002,@cakj1,https://www.instagram.com/p/DX9CacPR0U_/,new_post,2,2026-06-06T05:09:37Z,2026-06-06T05:24:56Z,completed,,1194
Q_e9e03bc5eeee,7050e0c4072ae2908981dc85f981f5e53f637c6d5a83a46c105080677efd69d5,SRC002,@cakj1,https://www.instagram.com/p/DXq_BlVS7BG/,new_post,2,2026-06-06T05:09:37Z,2026-06-06T05:25:04Z,completed,,16
Q_b712414a6e3e,ece56655e2130b752bb7472979b3f14967eee0c766e9fa2b0e7012137e39dd90,SRC002,@cakj1,https://www.instagram.com/p/DYHOejCtcaM/,new_post,2,2026-06-06T05:09:37Z,2026-06-06T05:25:12Z,completed,,59
Q_c94275ed9460,a2abb1f386e0fb3369615903f8d517788a42c4e7b10e1d40760f168efdd70786,SRC002,@cakj1,https://www.instagram.com/p/DYJ1VBoxdO-/,new_post,2,2026-06-06T05:09:37Z,2026-06-06T05:25:20Z,completed,,14
Q_e1be08329e5b,82b9e1711ebdd43ebabbd816b7048a565a2135ca34c679af26453349b1791a35,SRC002,@cakj1,https://www.instagram.com/p/DYRlKlBSImY/,new_post,2,2026-06-06T05:09:37Z,2026-06-06T05:25:38Z,completed,,29
Q_4d1e7206a15e,325efd0f8c5f8557afc8bba5853ab50a5764294c94d3684f87dcae88ba410822,SRC002,@cakj1,https://www.instagram.com/p/DYUGllFSVTn/,new_post,2,2026-06-06T05:09:37Z,2026-06-06T05:25:46Z,completed,,485
Q_7d7abf24410d,871c2964eba375850b0c3cb7aaa06986b338b223c8e84174460385e15ac974bf,SRC002,@cakj1,https://www.instagram.com/p/DYZTJG5xo-U/,new_post,2,2026-06-06T05:09:37Z,2026-06-06T05:25:55Z,completed,,33
Q_3492cf6bd9f3,5441908b4b0e5d60559eaf6064e1d592b951caa7dcb064a577828de9d5a2ac1a,SRC002,@cakj1,https://www.instagram.com/p/DYCG_Ghx3UE/,new_post,2,2026-06-06T05:09:37Z,2026-06-06T05:26:06Z,completed,,151
Q_f8d61b2a04e0,4886c096e7150304bc28bbc0aa2012da454bb9c4febc29952575d76b46a38f77,SRC002,@cakj1,https://www.instagram.com/p/DYEp3qXS45L/,new_post,2,2026-06-06T05:09:37Z,2026-06-06T05:26:14Z,completed,,156
Q_b90cb6dd2cf8,c4b86c356f95809d29f689ef2588de0817fa35aa8261694e59c802649758e731,SRC002,@cakj1,https://www.instagram.com/p/DXgsA8mkTGJ/,new_post,2,2026-06-06T05:09:37Z,2026-06-06T05:26:21Z,completed,,14
Q_344c5cf713db,fa6a4cc73cc346c26b634f80f93212ff9a6d99c579a3335b5df42cdf79479d21,SRC002,@cakj1,https://www.instagram.com/p/DYenerBSAFS/,new_post,2,2026-06-06T05:09:37Z,2026-06-06T05:26:31Z,completed,,441
Q_038fdefd02f9,3bf693caae93d63e324d5bf0eeb3dd63e5437f0d4c0df11309ebd619285edec5,SRC002,@cakj1,https://www.instagram.com/p/DYHVYSuRB4u/,new_post,2,2026-06-06T05:09:37Z,2026-06-06T05:26:42Z,completed,,41
Q_366056786d3a,8c79ce450a402fbb4b2b1b0c8ead8ba231325c52d3a958a7479eb8bac8ca2d4c,SRC002,@cakj1,https://www.instagram.com/p/DYL5CeBPPmv/,new_post,2,2026-06-06T05:09:37Z,2026-06-06T05:26:54Z,completed,,49
Q_630e5770d541,51dfacbdbd78ad4e1e6f3f8dd4b9abe35b07fe23b71edce195dd431d4f706f38,SRC002,@cakj1,https://www.instagram.com/p/DYmEvQcSSC3/,new_post,2,2026-06-06T05:09:37Z,2026-06-06T05:27:02Z,completed,,245
Q_a51b855c4964,aa7ab2e671e68766b060d366d7cfad8ec8fd8c6b2e91f00b0b22f2889b402a55,SRC002,@cakj1,https://www.instagram.com/p/DXuHl1ikjl3/,new_post,2,2026-06-06T05:09:37Z,2026-06-06T05:27:09Z,completed,,147
Q_784454b8ab72,24e2cb97f630e114c37c68a999979278aaf46fb770c7c6cf02ffca2632f523a2,SRC002,@cakj1,https://www.instagram.com/p/DX31S0Xyh6t/,new_post,2,2026-06-06T05:09:37Z,2026-06-06T05:27:19Z,completed,,223
Q_b8415195cd74,cf5e4b9bfc32ac31b5549bad8b162d43543e024053f73ec008e0f208c1a210a7,SRC002,@cakj1,https://www.instagram.com/p/DXoRm8xSKZZ/,new_post,2,2026-06-06T05:09:37Z,2026-06-06T05:27:33Z,completed,,19
Q_2be9f4383608,9ba38b370d83359d234506cbfc74eb9ed96312d14decdebf1de5bffe5a99a8d0,SRC002,@cakj1,https://www.instagram.com/p/DXvTZxrSPvH/,new_post,2,2026-06-06T05:09:37Z,2026-06-06T05:27:42Z,completed,,95
Q_397b9cb03c45,5991bbddd58f1018c3fe13ac6b5502941c9f9f16579a39db986569d66839f638,SRC002,@cakj1,https://www.instagram.com/p/DYMgqOIRY4s/,new_post,2,2026-06-06T05:09:37Z,2026-06-06T05:27:52Z,completed,,468
Q_86d19fe24618,33c4d3941d5cc891542a9a6080744676df8aae67b90c7dc3acbca9a783e964d4,SRC002,@cakj1,https://www.instagram.com/p/DX6Z9LbROuE/,new_post,2,2026-06-06T05:09:37Z,2026-06-06T05:28:00Z,completed,,95
Q_69ea7d16fb08,cdf7ee45ab1d13574779f4d702117bc990de4c113c5103660fb89a361909b852,SRC002,@cakj1,https://www.instagram.com/p/DXtgXz2Ef_E/,new_post,2,2026-06-06T05:09:37Z,2026-06-06T05:28:17Z,completed,,15
Q_0c020d357192,849706cb721f055d5f8fe0b5f55c8a95a2c9e065ea1e30728c60291324942f46,SRC002,@cakj1,https://www.instagram.com/p/DYPAaBwy3OF/,new_post,2,2026-06-06T05:09:37Z,2026-06-06T05:28:28Z,completed,,80
Q_c0a003f5ec76,efe8cf1bb7d396580e0ef656ed24f1e70216db41d3a00943e262a21efe95131b,SRC002,@cakj1,https://www.instagram.com/p/DX_isSpROu3/,new_post,2,2026-06-06T05:09:37Z,2026-06-06T05:28:35Z,completed,,7
Q_17ab0add49f7,f2e4b4cf31fd1d0c0ad224601d5eee16ad4fa04cdecebaf3be7a7867d4f88542,SRC002,@cakj1,https://www.instagram.com/p/DXdqYXQgR21/,new_post,2,2026-06-06T05:09:37Z,2026-06-06T05:28:45Z,completed,,21
Q_d188c7c4a76a,b6a23153f7e74f5121771b5c568bc5cfdcd6e1c33a0afa93273d443640a7c980,SRC002,@cakj1,https://www.instagram.com/p/DXyyHAhxpDc/,new_post,2,2026-06-06T05:09:37Z,2026-06-06T05:28:57Z,completed,,34
Q_d018ebc5b268,ea9fdd6b86663518573d58bdcf8b76c62370fa05998f40583efa2cfd9be11a58,SRC002,@cakj1,https://www.instagram.com/p/DXd-a4fS8r3/,new_post,2,2026-06-06T05:09:37Z,2026-06-06T05:29:03Z,completed,,104
Q_a530bcf18c6c,875f81581aaeaea01abe0303d0d54e71edfec89c9303d9ece87412a65cc50d41,SRC003,@dishubsurabaya,https://www.instagram.com/p/DZKsADNpIqY/,new_post,1,2026-06-06T05:09:37Z,2026-06-06T05:29:13Z,completed,,1
Q_2c039b628405,680c9e436a089ab57459c405a8c07bc9ecc5ae3e4d7e483df60af4d0e7b7f91f,SRC003,@dishubsurabaya,https://www.instagram.com/p/DZMHoYyj5GU/,new_post,1,2026-06-06T05:09:37Z,2026-06-06T05:29:20Z,completed,,5
Q_307d0f96f031,14181fdb21125a702fb01f2c04a574eeef6aae4be754b6db884bb7be804fc9b3,SRC003,@dishubsurabaya,https://www.instagram.com/p/DZFkJ-4tack/,new_post,1,2026-06-06T05:09:37Z,2026-06-06T05:29:29Z,completed,,3
Q_ebe1dc8e1284,f618d4d7c0fa115dc53dd5d023ac0bb901c3875570da181e28ed0b4eb8ab45c7,SRC003,@dishubsurabaya,https://www.instagram.com/p/DZNMCD_pu7_/,new_post,1,2026-06-06T05:09:37Z,2026-06-06T05:29:37Z,completed,,5
Q_e1f45a4be050,a3aedaf81465d009d7bcf061b39c3fdd54627426b45a9215818ba888f2da7d89,SRC003,@dishubsurabaya,https://www.instagram.com/p/DZHs9Igv9H6/,new_post,1,2026-06-06T05:09:37Z,2026-06-06T05:29:48Z,completed,,20
Q_8345d28ce7a6,06e21a35116886e22d4ed229450485f157ebd787a1e6260e6300735bc9817bf8,SRC003,@dishubsurabaya,https://www.instagram.com/p/DZMwPqIPBBO/,new_post,1,2026-06-06T05:09:37Z,2026-06-06T05:29:56Z,completed,,18
Q_83799be794d4,0855649cccee358ccd023d5e29c0a5076a7273e691ab58128061407a775819e5,SRC003,@dishubsurabaya,https://www.instagram.com/p/DXWBVn-D-cD/,new_post,1,2026-06-06T05:09:37Z,2026-06-06T05:30:03Z,completed,,103
Q_e67fe883f4c2,547ed16788e73046dc100303f38247ed0df0fe049703ff9b5a15b008f4a573f0,SRC003,@dishubsurabaya,https://www.instagram.com/p/DZJqelrvrma/,new_post,1,2026-06-06T05:09:37Z,2026-06-06T05:30:10Z,completed,,19
Q_bcd70e121942,a197f5ea3542842337e954555d3117399ac90d8b6888f918b87ce42f5124282b,SRC003,@dishubsurabaya,https://www.instagram.com/p/DY8kiGDv4QB/,new_post,1,2026-06-06T05:09:37Z,2026-06-06T05:30:18Z,completed,,3
Q_df01e53468cf,589124e11d38859d75f71788f32b6bb38701d44d5b37da63730abe5745ba6028,SRC003,@dishubsurabaya,https://www.instagram.com/p/DY8hSkxPZxV/,new_post,1,2026-06-06T05:09:37Z,2026-06-06T05:30:29Z,completed,,10
Q_58dd76ad512e,23fbd23dbc590d05cd1b4b5f0923a7d4b03d9cee05af53ee6e610c504123dec4,SRC003,@dishubsurabaya,https://www.instagram.com/p/DY-0l-Pj6s_/,new_post,1,2026-06-06T05:09:37Z,2026-06-06T05:30:37Z,completed,,2
Q_597f22ce76bb,325fd2e5595575a47131c64b4d88ec7d5df9687d28b0238cda4b3e13d757f93b,SRC003,@dishubsurabaya,https://www.instagram.com/p/DY_gTg-zfji/,new_post,1,2026-06-06T05:09:37Z,2026-06-06T05:30:46Z,completed,,3
Q_c3ef9d1d2eca,9811535293bf36a9b608b0a674a6fd1eeedb6c4de8c9c90a5c331c6404a12646,SRC003,@dishubsurabaya,https://www.instagram.com/p/DY0hczAD9t1/,new_post,1,2026-06-06T05:09:37Z,2026-06-06T05:30:54Z,completed,,1
Q_bfd35e180ec5,7ae42d307e4c037f1b5f480f017bbf03f0d30e0636e59df0a9bf333b80450f11,SRC003,@dishubsurabaya,https://www.instagram.com/p/DY_3KohP_TX/,new_post,1,2026-06-06T05:09:37Z,2026-06-06T05:31:02Z,completed,,8
Q_23aefcd5a9df,5007a727faf4628d511e3dff7b0b57b6c7f41fa978d0c256ae54ff7e2e45d676,SRC003,@dishubsurabaya,https://www.instagram.com/p/DZBdqF4D310/,new_post,1,2026-06-06T05:09:37Z,2026-06-06T05:31:10Z,completed,,1
Q_8c00ba7f7aa9,51ea626699ccfb8af9100e347fe0b54d073d42b27986799f0f27c29e6d18b7cc,SRC003,@dishubsurabaya,https://www.instagram.com/p/DY_X3A0Ijvc/,new_post,1,2026-06-06T05:09:37Z,2026-06-06T05:31:18Z,completed,,6
Q_50cc71599890,c3d5060f84b4da91b14b1a4c50ec1fb7d4b08157a8bd56cf6e30250776d5a7c1,SRC003,@dishubsurabaya,https://www.instagram.com/p/DZM4_xYoukI/,new_post,1,2026-06-06T05:09:37Z,2026-06-06T05:31:26Z,completed,,2
Q_e43c753e5453,f4b32786e3709ad68168ca5ad14fd502d4a38c457f88029ffe640e26e30ed5ff,SRC003,@dishubsurabaya,https://www.instagram.com/p/DYyoP3cj__5/,new_post,1,2026-06-06T05:09:37Z,2026-06-06T05:31:34Z,completed,,33
Q_c979950addb1,17a05028e21c292ca62619179d1640507fa8a3f8c9f893da9093cc5784a1eeaa,SRC003,@dishubsurabaya,https://www.instagram.com/p/DYy1mD4Pwcd/,new_post,1,2026-06-06T05:09:37Z,2026-06-06T05:31:42Z,completed,,295
Q_9276e1712e60,c2121176c851ca05c480e408e91eb46a06569906d71b0c60a15f66845662a20c,SRC003,@dishubsurabaya,https://www.instagram.com/p/DYynlpVvgqm/,new_post,1,2026-06-06T05:09:37Z,2026-06-06T05:31:52Z,completed,,21
Q_09480b8d40da,980b222162ace2ef349a01484be50e1976348595b5eae80fc0a24ab71d3bd88d,SRC003,@dishubsurabaya,https://www.instagram.com/p/DYwiENkvBDx/,new_post,1,2026-06-06T05:09:37Z,2026-06-06T05:31:59Z,completed,,3
Q_6c29ded1dd86,da257acc04dd8abcfaa579b86cb75f34488260ae00cc7b9fc88a953792df844a,SRC003,@dishubsurabaya,https://www.instagram.com/p/DY6BjWvj4Z1/,new_post,1,2026-06-06T05:09:37Z,2026-06-06T05:32:09Z,completed,,46
Q_04c1fe35fbf3,0c4ad9616dff46fce0f97b31f3665ef7d0d732d3c069a769ab84e7a3594152cb,SRC003,@dishubsurabaya,https://www.instagram.com/p/DYrlstZFHxk/,new_post,1,2026-06-06T05:09:37Z,2026-06-06T05:32:20Z,completed,,47
Q_aa911bf607ad,1db3123704a57aae201d6bbb958334cb273497878cc07fa1fd41491198d13996,SRC003,@dishubsurabaya,https://www.instagram.com/p/DY-7c1sDxsE/,new_post,1,2026-06-06T05:09:37Z,2026-06-06T05:32:27Z,completed,,16
Q_689c30afa166,5876a0663f1aecd958b928304c3c0d34d9ed34df8998ac45dd094388f6d718c5,SRC003,@dishubsurabaya,https://www.instagram.com/p/DYy8QzqSdbg/,new_post,1,2026-06-06T05:09:37Z,2026-06-06T05:32:35Z,completed,,9
Q_41abc744f6e1,ddf0f49b5a2d6356409c49ff45f6041100c91dd3fdeffe478c72a9bffcd4a456,SRC003,@dishubsurabaya,https://www.instagram.com/p/DZHn_2yvS53/,new_post,1,2026-06-06T05:09:37Z,2026-06-06T05:32:43Z,completed,,90
Q_ad4506458611,9ef5877613e68f437f04e0adc59497bdab1048d0901e0502210ef70a5ec2db5c,SRC003,@dishubsurabaya,https://www.instagram.com/p/DYv-E4klck_/,new_post,1,2026-06-06T05:09:37Z,2026-06-06T05:33:00Z,completed,,1
Q_9002bf3fbc91,4a10873c4d1a9d6b4291847059e5e132b32d86c6ad1a9d7fe3fb5724f992614b,SRC003,@dishubsurabaya,https://www.instagram.com/p/DYzjdKFvFGw/,new_post,1,2026-06-06T05:09:37Z,2026-06-06T05:33:09Z,completed,,13
Q_b3fd9f19a841,f0237bbde4f7a76c5e43be1f185d2edd5f0ba8326fe342f88f0f4f9af0cad783,SRC003,@dishubsurabaya,https://www.instagram.com/p/DY0VZyvTvCU/,new_post,1,2026-06-06T05:09:37Z,2026-06-06T05:33:16Z,completed,,8
Q_d99480d7fd0d,b4eca79a911555368397a203d38b0157b2fe22b9146ba3828e92cec5309e98d9,SRC003,@dishubsurabaya,https://www.instagram.com/p/DZFdNn0vQyv/,new_post,1,2026-06-06T05:09:37Z,2026-06-06T05:33:24Z,completed,,2
Q_843091566833,91d9da861144fa9793998ab1ad1fd7c77bd377fae8ab639844f158964dc7a786,SRC003,@dishubsurabaya,https://www.instagram.com/p/DYn3f9rj6MD/,new_post,1,2026-06-06T05:09:37Z,2026-06-06T05:33:32Z,completed,,4
Q_defc24625fec,6f6aa0f284dba414e9767b1cc78715fc67ac44d82d569f10c89351b961f32ec2,SRC003,@dishubsurabaya,https://www.instagram.com/p/DYjWdheEcSl/,new_post,1,2026-06-06T05:09:37Z,2026-06-06T05:33:39Z,completed,,21
Q_bff7e6b81f96,665e0d4597e5f610815cb4cb806281b5a3a4806a396d75633f7d9685553d85bb,SRC003,@dishubsurabaya,https://www.instagram.com/p/DYhTk8qlCE5/,new_post,1,2026-06-06T05:09:37Z,2026-06-06T05:33:48Z,completed,,87
Q_4b29ca2cbed5,8dc8c0fd5af34ed2a1f35797019d59be14f9b0475eed8cf8f31f71e3dcd5d61d,SRC003,@dishubsurabaya,https://www.instagram.com/p/DYrY5AYtlHH/,new_post,1,2026-06-06T05:09:37Z,2026-06-06T05:33:55Z,completed,,54
Q_0f848c6849ef,b1e04081891acf2a83399a7abee6df2decff7481498ec47f4bac5c37f4e34e7f,SRC003,@dishubsurabaya,https://www.instagram.com/p/DYqb-hmhZYe/,new_post,1,2026-06-06T05:09:37Z,2026-06-06T05:34:03Z,completed,,1
Q_34b74066ccda,ab3d30c08d2b79fdfdfe7ec71c3b1b7b104f8cdfb323e90f7fc9d549d39a0e56,SRC003,@dishubsurabaya,https://www.instagram.com/p/DYi9UiiBarw/,new_post,1,2026-06-06T05:09:37Z,2026-06-06T05:34:12Z,completed,,5
Q_aef024b98987,17d0ba52ee2784a42da3f83c4abcdc60a11457fb17fd9d34741583a1cb9968e3,SRC003,@dishubsurabaya,https://www.instagram.com/p/DYmDdDyyRKC/,new_post,1,2026-06-06T05:09:37Z,2026-06-06T05:34:20Z,completed,,63
Q_a4049f980991,f80a37982fc77348d9b7039f58782518deace42672ae1f0c914179302c4c0e67,SRC003,@dishubsurabaya,https://www.instagram.com/p/DYodThev7pJ/,new_post,1,2026-06-06T05:09:37Z,2026-06-06T05:34:28Z,completed,,137
Q_d376bed2022b,a508fb5ba617a9ac772fb5e02c28bc83501facd9b204b8b910a59d33e8f85f68,SRC003,@dishubsurabaya,https://www.instagram.com/p/DYi-gE0vAkk/,new_post,1,2026-06-06T05:09:37Z,2026-06-06T05:34:36Z,completed,,258
Q_2e84b58b2882,0f000d30ed9552aa4addc541b7c964493b12c30ca7da5920e34ec3795ff26af2,SRC003,@dishubsurabaya,https://www.instagram.com/p/DYjeXhZRRQg/,new_post,1,2026-06-06T05:09:37Z,2026-06-06T05:34:48Z,completed,,2
Q_9be9a3d9c898,c1865b1b7b4ad16c0343567aa35552c1eb6c53a627e1e4b4ea24ced6efeec92d,SRC003,@dishubsurabaya,https://www.instagram.com/p/DYhLxfDPi21/,new_post,1,2026-06-06T05:09:37Z,2026-06-06T05:34:59Z,completed,,55
Q_d306405381fe,d8a51de07cde64c0e6871842664e494c1e6daa329502f0afa264733cce75a7f7,SRC003,@dishubsurabaya,https://www.instagram.com/p/DYzFgboTSHS/,new_post,1,2026-06-06T05:09:37Z,2026-06-06T05:35:08Z,completed,,2
Q_9b616393e94e,e1e32925b37ed94a791571fe40c73971cf4604224127c36cd202ad807e1b6f56,SRC004,@satgasviralsby,https://www.instagram.com/p/DY8gDshssLm/,new_post,3,2026-06-06T05:09:37Z,2026-06-06T05:35:15Z,completed,,232
Q_58b9883cf5cf,ebb3892c844a23277bde48582655c9c85b646daa0289352b13441a021888f9f2,SRC004,@satgasviralsby,https://www.instagram.com/p/DZHumkYMgX4/,new_post,3,2026-06-06T05:09:37Z,2026-06-06T05:35:22Z,completed,,185
Q_b91f350316e7,9ea66691388fd0b2c8645dba8a067d614955b4b9244fd01bd0449eaf49eefade,SRC004,@satgasviralsby,https://www.instagram.com/p/DY6LCX-M9Fx/,new_post,3,2026-06-06T05:09:37Z,2026-06-06T05:35:28Z,completed,,242
Q_90b17bd8b1e7,a37c7277ef1aaff7d3211dfc8d220cd332c6e69b797d67f1bc40c6fc7f87d6e4,SRC004,@satgasviralsby,https://www.instagram.com/p/DY7GWAjsmmG/,new_post,3,2026-06-06T05:09:37Z,2026-06-06T05:35:36Z,completed,,560
Q_cc59177643e5,4b542c19cb955f453ad627a28c43f756ad3886c6a7808fe7d4abb078e602aafd,SRC004,@satgasviralsby,https://www.instagram.com/p/DZAD2K-sc4-/,new_post,3,2026-06-06T05:09:37Z,2026-06-06T05:35:43Z,completed,,90
Q_04758eed60a9,31e64cc00286e81ac66aea64cd1c9387c54820bd629a40618903762a74c637b4,SRC004,@satgasviralsby,https://www.instagram.com/p/DY6x3DvMnXV/,new_post,3,2026-06-06T05:09:37Z,2026-06-06T05:35:50Z,completed,,52
Q_0ae58748e97d,3e2197ca67eacbb2bd11afa828893bef6fd15262ad4d6bdf76ad2c9f098515eb,SRC004,@satgasviralsby,https://www.instagram.com/p/DZNMs_EMQ-M/,new_post,3,2026-06-06T05:09:37Z,2026-06-06T05:35:57Z,completed,,4
Q_485fcd063db7,a0194a35a84a20b583e5e3595c6a838b105245b3eb061563f4ef6f5af51d0de7,SRC004,@satgasviralsby,https://www.instagram.com/p/DZAIhnXsMN1/,new_post,3,2026-06-06T05:09:37Z,2026-06-06T05:36:07Z,completed,,116
Q_d45d1195c8a2,3636373969b132df883a72ecafa2b43639501b43b675a2b8f032bffd168caca0,SRC004,@satgasviralsby,https://www.instagram.com/p/DZFglCqmd3r/,new_post,3,2026-06-06T05:09:37Z,2026-06-06T05:36:14Z,completed,,165
Q_b5735221972a,c7c07b41c7fcecc560945b622755d58817e861b63985a8bcf0aa843e7315d9f9,SRC004,@satgasviralsby,https://www.instagram.com/p/DY08_8Rs_kU/,new_post,3,2026-06-06T05:09:37Z,2026-06-06T05:36:23Z,completed,,382
Q_e85b58871353,44e4bf7834e2298ed0112a8367d9c875223235fee02e59f765244c34ff49b9ab,SRC004,@satgasviralsby,https://www.instagram.com/p/DYzPy_JMfjl/,new_post,3,2026-06-06T05:09:37Z,2026-06-06T05:36:31Z,completed,,297
Q_214185101720,b386b1e66cb418e73cf2df00f753078ec6e575cf29575fdee5b70064c6b69425,SRC004,@satgasviralsby,https://www.instagram.com/p/DYrlxjPM1cz/,new_post,3,2026-06-06T05:09:37Z,2026-06-06T05:36:38Z,completed,,7
Q_6bd3fe12e285,28eaf155b85f84b4354a48530dcea7a48d66803b0397266fb2bc86fc91476b9c,SRC004,@satgasviralsby,https://www.instagram.com/p/DYrscICMdcP/,new_post,3,2026-06-06T05:09:37Z,2026-06-06T05:36:53Z,completed,,475
Q_fe1f0b8f44a1,e2eb26be4fbdb7c5fcde72ea14bc58d4c0df93773eb5c8ba6476ea849bb9c08a,SRC004,@satgasviralsby,https://www.instagram.com/p/DY4N7brMlkW/,new_post,3,2026-06-06T05:09:37Z,2026-06-06T05:37:01Z,completed,,298
Q_009ff56f4285,f6fa9b4e212ceb70dbc5c320c6b20b7d63f1ef8214c8d9277a3318006a4dcbc7,SRC004,@satgasviralsby,https://www.instagram.com/p/DYwfMkrsQD_/,new_post,3,2026-06-06T05:09:37Z,2026-06-06T05:37:08Z,completed,,931
Q_fcfa1417a3b1,1bbc21803d1191869710ff9307df1aa7a2fe827d4647b9f6d30c24bf3febcd0b,SRC004,@satgasviralsby,https://www.instagram.com/p/DYmOPFzM8-V/,new_post,3,2026-06-06T05:09:37Z,2026-06-06T05:37:25Z,completed,,279
Q_38165a2f4cd5,dfaf3a5c872ab495586a46296c2e172a6ac910371e9a8983f8837c8587d46c4f,SRC004,@satgasviralsby,https://www.instagram.com/p/DYzCVFaslCd/,new_post,3,2026-06-06T05:09:37Z,2026-06-06T05:37:32Z,completed,,1542
Q_4d227609ff25,5cc2bc0e5bbc5eedec93e3ff46f6b424253a951c8b622fbf98e988f5f2b786ab,SRC004,@satgasviralsby,https://www.instagram.com/p/DYv4YvHM-F2/,new_post,3,2026-06-06T05:09:37Z,2026-06-06T05:37:40Z,completed,,287
Q_3855008c495c,b3ece153391a2c0b41170f4604a99a2cb5bcf7a0033a0d243cf17be64737f387,SRC004,@satgasviralsby,https://www.instagram.com/p/DY0kvxgREwL/,new_post,3,2026-06-06T05:09:37Z,2026-06-06T05:37:48Z,completed,,540
Q_ac9977273198,a4524b830b63747f65ed7188e0ec63092c6d25276d67862ade9c48e614e294b3,SRC004,@satgasviralsby,https://www.instagram.com/p/DYl4yGamUaO/,new_post,3,2026-06-06T05:09:37Z,2026-06-06T05:38:01Z,completed,,40
Q_09a6e58f2f2f,ec5095cc2bbbe8bd8862ea2ed7988221d57a1f8609c68171374c9551b6b75b20,SRC004,@satgasviralsby,https://www.instagram.com/p/DYhbT7Ls2Nj/,new_post,3,2026-06-06T05:09:37Z,2026-06-06T05:38:12Z,completed,,404
Q_704c35592735,f01b609a759e59961962c11dc7114acd5cbf248bd6504fa513d974538f2b7f0f,SRC004,@satgasviralsby,https://www.instagram.com/p/DYgC3YxMch2/,new_post,3,2026-06-06T05:09:37Z,2026-06-06T05:39:09Z,completed,,63
Q_4e5439d9d027,61999d650eacdd54fe2aa697be152d9fc2c556f750e66ef8d523e4bbfa7ab9e8,SRC004,@satgasviralsby,https://www.instagram.com/p/DZH-0cmsrP5/,new_post,3,2026-06-06T05:09:37Z,2026-06-06T05:39:22Z,completed,,2803
Q_b1cb24213c5b,d22d01139e592e7a6c71e8b3571d1a6a64e9f990019f6d2555c7a07296bbc25c,SRC004,@satgasviralsby,https://www.instagram.com/p/DYuFYNMsFlY/,new_post,3,2026-06-06T05:09:37Z,2026-06-06T05:39:29Z,completed,,424
Q_771c887cbe7e,c0ecd20a59ab934f2822cec866c7882cb6cbd0d83c5fb3bc1ea5207b8e7c5123,SRC004,@satgasviralsby,https://www.instagram.com/p/DYecQW6MOlD/,new_post,3,2026-06-06T05:09:37Z,2026-06-06T05:39:42Z,completed,,50
Q_a3e60d23c986,8d27f402b4f338cf88d55f4969e5254f3a079db4eacc880162feb27b08aaaeb4,SRC004,@satgasviralsby,https://www.instagram.com/p/DYet3kfsKcy/,new_post,3,2026-06-06T05:09:37Z,2026-06-06T05:40:17Z,completed,,84
Q_ee6856bc842a,1297ab0ff2ede6a591b762152853d5934383cda3f4c397d9cf70f21a6c75cc80,SRC004,@satgasviralsby,https://www.instagram.com/p/DZNFVDcsLnU/,new_post,3,2026-06-06T05:09:37Z,2026-06-06T05:40:25Z,completed,,96
Q_68315ed8c37f,4335e3f984465bf32819f59bed138f8b9945e8cfdb1e78eec26bdc80783d6609,SRC004,@satgasviralsby,https://www.instagram.com/p/DYlt_ZTsbU8/,new_post,3,2026-06-06T05:09:37Z,2026-06-06T05:40:33Z,completed,,251
Q_fdeca3f5c079,c4c5780ed5f5ff977d6a04961eaaded7f03c8653351d92d4537a9c928649dfe1,SRC004,@satgasviralsby,https://www.instagram.com/p/DYuQNvhsTfW/,new_post,3,2026-06-06T05:09:37Z,2026-06-06T05:40:50Z,completed,,3126
Q_95244f708f00,059cb832c83be93848a37fd1810ff2c51a3dc490ae756023a2992bb5162a48cb,SRC004,@satgasviralsby,https://www.instagram.com/p/DZFhBAts8bp/,new_post,3,2026-06-06T05:09:37Z,2026-06-06T05:40:58Z,completed,,173
Q_6576a0533cbb,2e685cc38c0c52aa706ee2e2c531551ed951f829acb80b020eb471ed2b2cf218,SRC005,@aslisuroboyo,https://www.instagram.com/p/DZNCUxMxUme/,new_post,3,2026-06-06T05:09:37Z,2026-06-06T05:41:06Z,completed,,832
Q_bc81c6051cb8,79e435bdff3d79d2ca3d50b2da56abdefcdb414461f951e8adfc9248189e488c,SRC005,@aslisuroboyo,https://www.instagram.com/p/DZOoM0dR0Gj/,new_post,3,2026-06-06T05:09:37Z,2026-06-06T05:41:14Z,completed,,90
Q_a16c952da907,032f8a72869470055a11af433da81987d2939396a48d8aefe526d3239983dac7,SRC005,@aslisuroboyo,https://www.instagram.com/p/DZNIoDmx0AA/,new_post,3,2026-06-06T05:09:37Z,2026-06-06T05:41:21Z,completed,,29
Q_e471fb94009b,41ba4f8322695f902549e6882704b849f8ae82c1093614a8107bfd7be67275e4,SRC005,@aslisuroboyo,https://www.instagram.com/p/DZM_BTPxaiu/,new_post,3,2026-06-06T05:09:37Z,2026-06-06T05:41:42Z,completed,,10
Q_996036f64381,f7bc119679372a51a76ce7039eb11a6a4b9205cc6f5ae438b607941f92adeb46,SRC005,@aslisuroboyo,https://www.instagram.com/p/DZOyb_5RlCO/,new_post,3,2026-06-06T05:09:37Z,2026-06-06T05:41:48Z,completed,,11
Q_f99e8152f0f3,ed78dfbbe899a30b74c328e425c73cc9ca3c5a659dad21954ea4c5f5ec4a0b85,SRC005,@aslisuroboyo,https://www.instagram.com/p/DZOufbrxhNa/,new_post,3,2026-06-06T05:09:37Z,2026-06-06T05:41:56Z,completed,,34
Q_1121da0f7cdb,05392ca57b983df5507f66b93fb4b23e758dfad40323dd23ced654abf4d06b94,SRC005,@aslisuroboyo,https://www.instagram.com/p/DZKlOlSRxBA/,new_post,3,2026-06-06T05:09:37Z,2026-06-06T05:42:04Z,completed,,3
Q_bf637562d335,29eddb5cbc93567aec744f923a0317e5d6e377244c443b7fddd5659d732b6a35,SRC005,@aslisuroboyo,https://www.instagram.com/p/DZKSC3mRzVF/,new_post,3,2026-06-06T05:09:37Z,2026-06-06T05:42:11Z,completed,,22
Q_879bca02f819,e77017cc142a40d24cf91265a6d64b0b31ab4f4b4e13773c983704e0e379575d,SRC005,@aslisuroboyo,https://www.instagram.com/p/DZH_O4Yx1Vq/,new_post,3,2026-06-06T05:09:37Z,2026-06-06T05:42:19Z,completed,,226
Q_bb5efe5eecfa,1ed8fe7417062497bd022cda6f876f53c1149822ce547e8a6b7349492708b5b7,SRC005,@aslisuroboyo,https://www.instagram.com/p/DZH61G0RrOB/,new_post,3,2026-06-06T05:09:37Z,2026-06-06T05:42:26Z,completed,,30
Q_fa5a105b0987,61bd98e54ec7f68d86cc98c5d3c396a27b162aab3182503bface5988d285e5d5,SRC005,@aslisuroboyo,https://www.instagram.com/p/DZH1bNkRY3O/,new_post,3,2026-06-06T05:09:37Z,2026-06-06T05:42:34Z,completed,,6
Q_7da81f963907,d893eebabc3f42e5720330fbdd82df8099ab9edc2f94255551ec96bbf94d0d99,SRC005,@aslisuroboyo,https://www.instagram.com/p/DZM3M1ixW5R/,new_post,3,2026-06-06T05:09:37Z,2026-06-06T05:42:42Z,completed,,81
Q_c5470af9ee7c,0ce6470ed007c924f6be20ca58ddbba11bc304ff15fd7b6ffa4e2f927db54981,SRC005,@aslisuroboyo,https://www.instagram.com/p/DZKdKkCxbSG/,new_post,3,2026-06-06T05:09:37Z,2026-06-06T05:42:49Z,completed,,97
Q_7853eeae6173,2a69032dc6d0a1057680291c1f8724ea03a55fd40c9a028766b0c7d69bfa9888,SRC005,@aslisuroboyo,https://www.instagram.com/p/DZJ2hPVGI9f/,new_post,3,2026-06-06T05:09:37Z,2026-06-06T05:43:01Z,completed,,633
Q_e0e8cdfd2fbb,370ac3114b2fdcaaba307d50f3403f7e706a91305d2785ae069af2983c5124e4,SRC005,@aslisuroboyo,https://www.instagram.com/p/DZKiOPZR-_F/,new_post,3,2026-06-06T05:09:37Z,2026-06-06T05:43:09Z,completed,,329
Q_6721f9b635cf,4d8f0926f5e273d0010676f505640c4f7c6ea2df327bf7bf7887e528aa0aa801,SRC005,@aslisuroboyo,https://www.instagram.com/p/DZH349vxmMx/,new_post,3,2026-06-06T05:09:37Z,2026-06-06T05:43:21Z,completed,,8
Q_2c6b3c7a52bc,348c119ab4c2e96b50e5519db1dbba1d4e51adb471449fe1308c0bc1a5422c3c,SRC005,@aslisuroboyo,https://www.instagram.com/p/DZKVmRURTBC/,new_post,3,2026-06-06T05:09:37Z,2026-06-06T05:43:28Z,completed,,8
Q_72ffa4080520,0f65b0190dd825fb74bb04a82c0b84b261493d27144a3ea85aa66b3a2108360d,SRC005,@aslisuroboyo,https://www.instagram.com/p/DZHyTtexI-2/,new_post,3,2026-06-06T05:09:37Z,2026-06-06T05:43:36Z,completed,,5
Q_f7a7572d81cb,5697e18b00b80c6d8cd6596c7297692a8c27f043f6a65834846648648c68dd71,SRC005,@aslisuroboyo,https://www.instagram.com/p/DZCAp_HxRZ1/,new_post,3,2026-06-06T05:09:37Z,2026-06-06T05:43:45Z,completed,,121
Q_9135ef0447ad,89e1405f99e1c5fe6173451b3479ab08140c44a22004da961f3a8a55c734367c,SRC005,@aslisuroboyo,https://www.instagram.com/p/DZFLvugRuAA/,new_post,3,2026-06-06T05:09:37Z,2026-06-06T05:43:53Z,completed,,38
Q_47815039abd9,9de1211a5a0476b14829a56fe3a9192594211ac031f0bdfbb6c1e8223bbe6031,SRC005,@aslisuroboyo,https://www.instagram.com/p/DZFPEsjxoyJ/,new_post,3,2026-06-06T05:09:37Z,2026-06-06T05:43:59Z,completed,,407
Q_6968a9551a79,0c1d5384cece811e33f75800722b7effb7691262f274270fb89d87781ab83a7c,SRC005,@aslisuroboyo,https://www.instagram.com/p/DZHtWlaxmvS/,new_post,3,2026-06-06T05:09:37Z,2026-06-06T05:44:07Z,completed,,69
Q_4282e3d3aa05,37128ce55d82ba5e9b6bfcef4150276762c6c191e76e7432d10de667f031a2e2,SRC005,@aslisuroboyo,https://www.instagram.com/p/DZFQ4RGRDKG/,new_post,3,2026-06-06T05:09:37Z,2026-06-06T05:44:14Z,completed,,225
Q_d487201b61d0,a484701c06e2836378fec6e151c43720445eb92b87a4583b9edcf191e18a6131,SRC005,@aslisuroboyo,https://www.instagram.com/p/DZFII9GxXjN/,new_post,3,2026-06-06T05:09:37Z,2026-06-06T05:44:22Z,completed,,22
Q_da1779445712,89066daa07244140297df27d50d28b2ec772c7ddee48e494487568c1309f0556,SRC005,@aslisuroboyo,https://www.instagram.com/p/DZBz70FmGrj/,new_post,3,2026-06-06T05:09:37Z,2026-06-06T05:44:33Z,completed,,5
Q_31fb6d149192,d7aee40be13fe7af48b1a946ad5f86a963be9cf08aa67b9d7e9414a281805daa,SRC005,@aslisuroboyo,https://www.instagram.com/p/DZBwXKdxEqz/,new_post,3,2026-06-06T05:09:37Z,2026-06-06T05:44:41Z,completed,,70
Q_07af7b29d520,39c63ddc48f84bb271c544b1ac10cec65ffa15dc6b104eba831a982cff281e17,SRC005,@aslisuroboyo,https://www.instagram.com/p/DZAAaISRMTR/,new_post,3,2026-06-06T05:09:37Z,2026-06-06T05:44:47Z,completed,,10
Q_6c894b52e5eb,ebcb4abd789ee8fa03fd287a21199a1c5848827d3a96f548f145a7ae993a6f80,SRC005,@aslisuroboyo,https://www.instagram.com/p/DY_nAGcxXMj/,new_post,3,2026-06-06T05:09:37Z,2026-06-06T05:44:55Z,completed,,14
Q_504cb81d9b54,de528490780d33bea4980c739339786a723c60413d71395eddfe89db3a5a520c,SRC005,@aslisuroboyo,https://www.instagram.com/p/DZB7blIxKiz/,new_post,3,2026-06-06T05:09:37Z,2026-06-06T05:45:02Z,completed,,273
Q_9c5667027cb1,7f22c049872b095c540c67e9a2da1e396811540a967695d9e0be813328eae575,SRC005,@aslisuroboyo,https://www.instagram.com/p/DZB3FPTRf39/,new_post,3,2026-06-06T05:09:37Z,2026-06-06T05:45:25Z,completed,,157
Q_1c7607a51787,96fc7990cc1fb44c443bf8d1a4336711fb82951f03417e3c2a987746b78d68c6,SRC005,@aslisuroboyo,https://www.instagram.com/p/DY_VypmRLHN/,new_post,3,2026-06-06T05:09:37Z,2026-06-06T05:45:40Z,completed,,49
Q_d9792a8dc4a5,1ba06ec76325ae68dae9ecf9ca8e1551910b32e1d793773eee0bf6316e771210,SRC005,@aslisuroboyo,https://www.instagram.com/p/DZCdR9ZxyFp/,new_post,3,2026-06-06T05:09:37Z,2026-06-06T05:45:51Z,completed,,422
Q_f32d8e6027fd,f61b85fe92364d28c26e8a121b701eaf04cfc3a71ffb755027fbc04ff30b4815,SRC005,@aslisuroboyo,https://www.instagram.com/p/DY_cAomRrKf/,new_post,3,2026-06-06T05:09:37Z,2026-06-06T05:45:59Z,completed,,125
Q_9f858250ef93,b8816328635f19fbb7eadf26f696ff3071b4894f9b47ff82f8f87050dfa5f405,SRC005,@aslisuroboyo,https://www.instagram.com/p/DZNLtqIx6jT/,new_post,3,2026-06-06T05:09:37Z,2026-06-06T05:46:10Z,completed,,49
